ID;Latitud;Longitud;Tipo de camino;N° de Ruta/ Camino;Depto.
1;-23.187729;-62.0367;Camino vecinal;Palmar largo;Ramon Lista
2;-23.299631;-62.06875;Camino vecinal;C 1070;Ramon Lista
3;-23.32593103;-61.89701152;Camino vecinal;C 9010;Ramon Lista
4;-23.3200996;-61.94309974;Camino vecinal;C 9010;Ramón Lista
5;-23.348613;-61.848225;Camino vecinal;C9010;Ramon Lista
6;-23.265096;-61.95612;Camino vecinal;C 1070;Ramon Lista
7;-23.176137;-62.026336;Camino vecinal;C 3937;Ramon Lista
8;-23.572044;-61.712526;Ruta Provincial;RP 039;Ramón Lista
9;-23.666341;-61.801119;Ruta Provincial;RP 039;Matacos
10;-24.578876;-60.633362;Ruta Provincial;RP 32;Patiño
11;-24.5780112;-60.633529;Ruta Provincial;RP 32;Patiño
12;-24.572818;-60.634887;Ruta Provincial;RP 32;Patiño
13;-24.569133;-60.63605;Ruta Provincial;RP 32;Patiño
14;-24.555344;-60.639872;Ruta Provincial;RP 32;Patiño
15;-24.442915;-60.680892;Ruta Provincial;RP 32;Patiño
16;-24.295694;-60.685659;Ruta Provincial;RP 32;Bermeno
17;-24.176802;-60.694587;Ruta Provincial;RP 32;Bermejo
18;-24.101125;-60.785671;Camino vecinal;C 1057;Bermejo
19;-24.130417;-60.8414139;Camino vecinal;C 1017;Bermejo
20;-24.188214;-60.83109;Camino vecinal;C 1017;Bermejo
21;-22.85135;-62.271845;Camino vecinal;C9002;Ramon Lista
22;-22.991404;-62.27745000;Camino vecinal;C9002;Ramon Lista
23;-22.9934;-62.27715500;Camino vecinal;C9002;Ramon Lista
24;-22.996688;-62.27835000;Camino vecinal;C9002;Ramon Lista
25;-23.04009;-62.30639200;Camino vecinal;C9002;Ramon Lista
26;-23.041395;-62.30612100;Camino vecinal;C9002;Ramon Lista
27;-23.044088;-62.30539000;Camino vecinal;C9002;Ramon Lista
28;-23.064738;-62.31096700;Camino vecinal;C9002;Ramon Lista
29;-23.080058;-62.30922500;Camino vecinal;C9002;Ramon Lista
30;-23.111626;-62.30035100;Camino vecinal;C9002;Ramon Lista
31;-23.112775;-62.29923200;Camino vecinal;C9002;Ramon Lista
32;-23.116174;-62.30061600;Camino vecinal;C9002;Ramon Lista
33;-23.120244;-62.30141500;Camino vecinal;C9002;Ramon Lista
34;-23.191836;-62.29802200;Camino vecinal;C9002;Ramon Lista
35;-23.196724;-62.29409900;Camino vecinal;C91010;Ramon Lista
36;-23.197897;-62.29271600;Camino vecinal;C91010;Ramon Lista
37;-23.212585;-62.26462500;Camino vecinal;C91010;Ramon Lista
38;-23.213775;-62.26197200;Camino vecinal;C91010;Ramon Lista
39;-23.228523;-62.24483700;Camino vecinal;C91010;Ramon Lista
40;-23.242324;-62.23432600;Camino vecinal;C91010;Ramon Lista
41;-23.243149;-62.23061600;Camino vecinal;C91010;Ramon Lista
42;-23.32078;-61.96632700;campo erosionado sobrepastoreado;-;Ramon Lista
43;-23.310691;-61.96060200;campo erosionado sobrepastoreado;-;Ramon Lista
44;-23.332839;-61.84217600;campo erosionado sobrepastoreado;-;Ramon Lista
45;-23.441575;-61.71189100;campo desmontado;-;Ramon Lista
47;-23.442176;-61.84495400;campo desmontado              - con fuego;;Ramon Lista
48;-23.442143;-61.85237000;campo desmontado              - con fuego;;Ramon Lista
