longitude,latitude
-37.448271,-4.659797
-39.477539,-4.768363
-68.285864,12.165411
-36.562828,-6.555931
-69.882522,12.414627
-74.842648,11.033499
-36.562086,-6.555036
-39.028237,-4.305673
-68.896263,12.109686
-68.275787,12.145739
-69.152031,12.350564
-75.35208,9.493872
-68.873725,12.072778
-38.578194,-3.744039
-39.05098,-4.86789
-39.283199,-6.370738
-74.83844,11.035172
-43.033967,-6.781592
-38.489556,-3.723629
-69.155655,12.390158
-68.960128,12.117767
-64.192405,10.442181
-68.236656,12.093482
-68.390071,12.25939
-68.950263,12.114111
-39.383991,-11.811802
-74.60971,4.535346
-68.981648,12.150135
-68.981603,12.150085
-38.617721,-5.875227
-68.90828,12.132097
-68.908355,12.109725
-38.623082,-5.885743
-73.107059,6.72346
-38.521151,-3.757467
-74.83747,11.013726
-70.048234,12.5617
-44.4213,-14.535386
-68.922348,12.107696
-68.922454,12.107794
-68.921158,12.107337
-54.168911,-22.272173
-37.925372,-4.324305
-70.047858,12.562662
-69.155669,12.390247
-68.941586,12.105886
-43.471272,-13.182371
-68.882145,12.079566
-61.759475,12.0253
-37.32594,-5.211746
-70.049624,12.562867
-70.049806,12.555781
-76.635311,1.12777
-36.044594,-5.319009
-37.32599,-5.211779
-40.487222,-10.838889
-74.839712,11.057893
-68.945103,12.110195
-68.91723,12.098465
-68.877425,12.075361
-68.919517,12.106122
-68.902251,12.116258
-68.935253,12.110454
-68.890382,12.117978
-68.857674,12.102494
-68.917318,12.098381
-68.963322,12.182572
-69.056729,12.233408
-68.921172,12.111974
-68.855688,12.102983
-68.849861,12.132473
-68.901128,12.088563
-68.858033,12.108789
-68.952283,12.182223
-68.880342,12.078031
-68.913103,12.142019
-35.204277,-5.875791
-68.935738,12.18593
-36.946664,-6.704006
-68.89041,12.118003
-68.936066,12.111687
-68.890353,12.117976
-68.890404,12.11802
-68.870278,12.121356
-68.92962,12.103431
-68.931197,12.103353
-68.64721,11.997986
-68.97663,12.166028
-68.939506,12.143183
-68.857917,12.138603
-68.935065,12.110644
-68.929847,12.103097
-68.919542,12.106111
-68.862167,12.104064
-68.994197,12.143436
-68.880342,12.078033
-68.995539,12.143682
-68.890334,12.117967
-68.936862,12.18146
-68.9338,12.109911
-68.934272,12.109536
-68.930283,12.103317
-68.994197,12.143436
-68.943672,12.164448
-68.862513,12.075356
-68.86802,12.1112
-68.929542,12.102781
-68.98023,12.169903
-38.453456,-13.004689
-68.877547,12.114286
-68.933708,12.110633
-68.964588,12.183255
-74.748981,11.065629
-68.934167,12.110425
-68.889325,12.118754
-68.928855,12.102528
-74.8593,11.030972
-68.933792,12.11015
-62.436157,-19.025562
-68.920013,12.103631
-68.860383,12.110617
-68.929838,12.10287
-74.255521,11.014825
-68.929458,12.102747
-68.930787,12.104097
-68.873549,12.08067
-68.933708,12.110633
-68.934967,12.110757
-68.938567,12.110032
-68.906236,12.140862
-68.949898,12.110421
-68.97973,12.171446
-68.978622,12.170503
-68.978604,12.170523
-68.97973,12.171446
-68.932589,12.106949
-68.978622,12.170503
-68.949832,12.110577
-68.978607,12.170506
-73.260047,10.433466
-75.551893,10.409348
-38.367772,-3.876317
-69.119858,12.369205
-68.874955,12.12102
-68.862008,12.111206
-69.968338,12.521088
-72.915199,11.521526
-68.858405,12.110114
-37.069791,-6.494809
-41.081326,-19.910419
-68.929772,12.103483
-68.873887,12.080731
-75.527419,10.442417
-68.29338,12.115845
-42.832565,-2.751794
-70.048172,12.562058
-70.059928,12.545347
-70.048234,12.5617
-38.396525,-3.84553
-42.833778,-2.75199
-42.832726,-2.751773
-41.024723,-21.688972
-70.04683,12.56957
-74.805913,11.001918
-38.642649,-3.722352
-68.236494,12.093356
-74.226978,11.15504
-68.272842,12.144633
-44.23724,-2.524211
-73.929717,11.308809
-56.133878,-19.547723
-69.151675,12.350484
-73.094712,6.734591
-68.877373,12.134362
-68.877367,12.134348
-74.223488,11.206687
-38.006394,-4.255506
-56.104464,-19.499238
-68.878256,12.134005
-73.091103,11.429503
-68.940578,12.105528
-68.941562,12.10564
-75.012942,9.228168
-64.839297,-18.623453
-34.842083,-7.047625
-70.043178,12.576693
-68.276535,12.147748
-75.524553,10.445155
-75.591514,10.327999
-69.098607,12.355077
-68.90142,12.088281
-75.559926,10.393279
-75.553944,10.42192
-38.374153,-3.871792
-69.155615,12.39019
-69.151738,12.351147
-74.775026,10.961946
-60.680783,-24.44277
-69.003392,12.183267
-57.681865,-16.076486
-70.05186,12.561832
-70.039755,12.531997
-68.998835,12.147865
-70.051169,12.5649
-74.960359,10.988828
-68.279886,12.134292
-70.026825,12.539892
-73.105758,6.724103
-70.048134,12.562046
-70.047862,12.562556
-37.446758,-4.659453
-44.529421,-14.187351
-68.860138,12.103136
-68.995672,12.188528
-74.832332,11.002522
-37.446758,-4.659453
-74.607659,10.89647
-70.048234,12.5617
-68.884314,12.100469
-69.155647,12.39016
-68.862671,12.075512
-68.929955,12.102911
-68.884314,12.100469
-75.478301,10.663602
-44.47433,-14.169942
-68.892268,12.130598
-68.934618,12.1103
-68.276537,12.147761
-68.839888,12.087884
-35.740281,-9.670052
-38.437694,-3.786185
-68.933666,12.11063
-68.933636,12.110768
-70.047905,12.562405
-68.837779,12.141221
-68.889716,12.118487
-68.889036,12.118129
-68.892273,12.116497
-41.630958,-2.887953
-68.934658,12.109385
-68.892003,12.130893
-68.888094,12.119914
-68.889845,12.117861
-68.924878,12.039997
-69.005736,12.188055
-68.955098,12.145327
-68.955463,12.110584
-75.406559,10.333319
-68.964331,12.147634
-68.919229,12.158012
-68.960089,12.151408
-68.899916,12.153975
-68.873451,12.081071
-68.92996,12.103056
-69.059558,12.23585
-68.919488,12.158247
-68.954231,12.13029
-69.13584,12.304634
-69.135673,12.30452
-68.959894,12.151367
-68.964731,12.18336
-68.955045,12.110558
-69.038505,12.252817
-68.868601,12.087012
-68.867111,12.089281
-69.15011,12.377823
-68.906759,12.135762
-69.15558,12.390182
-68.939753,12.107091
-68.939779,12.107127
-68.930292,12.103011
-68.971362,12.18452
-68.930876,12.125272
-68.878595,12.134728
-68.87808,12.133942
-68.857829,12.138547
-68.961983,12.14955
-68.964387,12.149253
-68.878644,12.134714
-68.857792,12.138187
-68.878272,12.134043
-72.480899,7.89166
-68.848588,12.089774
-68.893381,12.117285
-72.482579,7.891201
-68.941826,12.106004
-72.482713,7.891215
-72.482385,7.891118
-72.482573,7.891169
-62.046833,-17.527295
-38.408111,-3.829603
-63.113594,-17.802857
-72.482593,7.891113
-72.482575,7.891192
-72.482513,7.891445
-69.113599,12.304832
-49.077993,-11.726885
-68.904792,12.106366
-68.954658,12.145612
-38.719021,-3.634434
-72.773788,11.676142
-68.868487,12.086183
-63.945587,11.02148
-63.949742,11.021058
-63.988449,10.978326
-40.504622,-9.402153
-63.964147,10.991204
-63.869966,10.957022
-63.924627,11.015136
-68.865742,12.085194
-63.974866,11.063832
-63.951882,11.022495
-63.964008,10.896553
-63.949702,11.021118
-69.882438,12.414233
-38.578056,-3.746111
-75.55897,10.400573
-38.49005,-3.811178
-63.933259,11.014108
-72.475937,7.865452
-72.475937,7.865452
-70.048786,12.561367
-69.135706,12.304504
-68.967318,12.165123
-40.33953,-3.676897
-74.22841,11.137666
-41.861155,-19.074028
-70.061061,12.544493
-70.037239,12.520403
-69.1515,12.351864
-70.048206,12.561934
-41.404062,-2.907398
-73.179397,10.328331
-37.35667,-5.150595
-49.076666,-11.723352
-35.844063,-9.771897
-61.396477,12.635723
-73.942068,11.312353
-72.899786,11.554622
-42.553527,-8.853635
-73.94762,11.314446
-39.319987,-6.367621
-38.88996,-6.679462
-43.870322,-16.746729
-60.558455,-21.378437
-45.800608,-12.064165
-41.019885,-22.01938
-75.540253,10.43478
-70.03958,12.521238
-38.969333,-6.760393
-40.519722,-2.792908
-39.326677,-6.35208
-34.840681,-7.839748
-38.575855,-3.748065
-38.567719,-3.74312
-42.290147,-2.756005
-73.947576,11.314894
-67.040105,10.601418
-40.875266,-19.872623
-42.811577,-5.060517
-41.658387,-2.895077
-41.581945,-2.908053
-68.275147,12.14462
-75.235405,3.213472
-42.817325,-5.067272
-67.01126,10.612537
-70.044002,12.58735
-41.672307,-2.928359
-41.745145,-2.921822
-74.198263,11.271522
-73.184106,6.901498
-35.194211,-5.782516
-61.772011,12.02079
-73.09157,11.428973
-66.982327,10.609084
-69.152222,12.35008
-57.684401,-17.809589
-72.914127,11.538099
-70.038749,12.565282
-38.33394,-3.914615
-45.065536,-12.433922
-73.963945,11.328295
-74.834237,11.051031
-44.22119,-15.173893
-38.577079,-3.747503
-72.475548,7.916035
-56.11562,-19.558836
-74.580196,4.56875
-49.937986,-15.566494
-56.045,-15.605
-56.0577,-15.557563
-68.900783,12.089714
-68.874887,12.083527
-68.989736,12.141195
-44.360843,-15.492983
-48.888779,-20.78394
-35.480817,-7.295941
-38.453987,-3.737688
-38.957439,-6.75819
-44.307541,-2.555654
-64.839278,-18.622942
-35.740597,-9.67004
-36.348933,-6.045387
-41.025625,-21.709906
-68.941842,12.105578
-41.026925,-21.708262
-35.535402,-7.320709
-63.299798,-18.779161
-70.042069,12.580947
-63.300222,-18.790254
-39.317041,-6.561591
-35.535402,-7.320709
-74.75318,5.20337
-40.086481,-7.084869
-38.521022,-3.886356
-68.857098,12.125439
-37.325669,-5.203411
-68.291021,12.115573
-74.193183,11.268455
-74.065756,11.306422
-70.055107,12.557227
-41.454191,-20.795635
-70.050536,12.565478
-38.296188,-7.955833
-70.04815,12.562024
-70.047942,12.56242
-70.047877,12.562653
-70.04795,12.56233
-42.788889,-5.086944
-38.576688,-3.742541
-69.155678,12.39022
-68.879605,12.077332
-37.282496,-7.01905
-41.87724,-18.83986
-38.93977,-10.422727
-38.278153,-3.944218
-73.003932,6.78873
-36.777236,-7.625266
-42.024227,-5.078291
-41.657987,-18.89458
-36.529487,-7.386955
-69.155639,12.39018
-37.76773,-4.550082
-39.009312,-4.972738
-68.93687,12.13794
-68.901062,12.089958
-70.061097,12.544533
-41.767477,-2.930267
-36.809721,-7.870515
-74.215392,11.217628
-70.04165,12.519928
-41.908322,-2.870564
-70.048071,12.5266
-35.528492,-7.122967
-68.276628,12.148006
-38.891042,-3.519483
-70.047883,12.562612
-68.276539,12.151633
-40.431073,-20.63885
-68.275403,12.139417
-38.644083,-3.713819
-68.345531,12.269851
-73.989655,11.337646
-69.077235,12.206057
-41.089949,-22.064209
-38.696297,-17.964397
-74.214581,11.218428
-68.254722,12.136667
-39.695275,-2.999678
-36.66,-14.58
-59.98388,-3.118355
-69.315151,10.064602
-68.949945,12.109725
-68.861804,12.075732
-75.545922,10.43177
-68.276567,12.147956
-37.323612,-5.204913
-75.54837,10.391337
-69.113584,12.304968
-70.047761,12.562453
-68.276542,12.147992
-37.319358,-5.207332
-37.328829,-5.203179
-39.325922,-6.352233
-70.04505,12.577269
-64.287154,10.961003
-37.323837,-5.204775
-74.85025,11.027489
-47.846506,-21.158035
-39.282528,-6.371205
-39.298059,-6.358794
-39.318087,-6.381729
-74.847723,11.048995
-37.3238,-5.204767
-73.200394,10.389603
-37.323233,-5.208438
-73.942092,11.312347
-74.85025,11.027489
-42.741751,-2.569866
-41.681812,-2.895958
-39.286083,-6.369022
-39.336706,-6.405386
-39.293601,-6.405892
-74.851272,11.022992
-74.850813,11.024547
-74.851221,11.022966
-75.089461,10.87528
-74.850894,11.024708
-39.334032,-6.431557
-74.851295,11.022967
-74.851056,11.021545
-74.850824,11.024552
-74.85125,11.022961
-74.851296,11.02247
-74.851165,11.024961
-74.850765,11.024524
-69.151598,12.322207
-74.851331,11.023056
-74.85128,11.022957
-39.285688,-6.371738
-74.85121,11.022955
-74.850625,11.022149
-74.852722,11.023429
-74.851143,11.019051
-74.851143,11.019051
-73.942085,11.312347
-74.85065,11.023395
-74.850692,11.022832
-74.823053,11.014711
-74.851502,11.020945
-74.851143,11.019051
-39.305149,-6.396736
-74.85128,11.022983
-74.851271,11.02296
-74.853319,11.01942
-74.85128,11.022957
-74.850795,11.024352
-74.851303,11.022969
-74.851258,11.022989
-74.851634,11.02092
-41.772714,-2.959211
-42.697822,-14.123603
-74.717103,10.962579
-70.053917,12.558153
-39.298406,-6.382445
-39.284942,-6.370728
-68.262382,12.20189
-74.851242,11.022967
-37.328385,-5.202831
-42.3,-13.14
-42.3,-13.14
-74.850851,11.023821
-74.851263,11.022892
-74.850477,11.02398
-74.851143,11.019051
-38.9525,-12.269167
-74.850821,11.022615
-74.850743,11.022825
-74.851845,11.022317
-74.850762,11.024297
-74.850791,11.022117
-68.916612,12.160753
-37.369217,-5.149235
-44.105953,-2.445535
-37.322053,-5.205837
-37.337739,-5.193142
-74.850551,11.022864
-68.31108,12.202847
-37.343766,-5.216286
-61.755419,12.0268
-37.348835,-5.235579
-37.32317,-5.217063
-74.850551,11.022864
-73.220863,6.636328
-37.353743,-5.18209
-37.328661,-5.202882
-37.327163,-5.202747
-37.323233,-5.217078
-68.99482,12.137894
-63.458805,-21.548929
-37.319425,-5.20687
-70.043183,12.5764
-68.877023,12.075616
-68.27555,12.145445
-37.826599,-5.592369
-63.08634,-17.643044
-73.947701,11.314622
-38.819411,-3.550561
-69.059478,12.246047
-69.15133,12.351107
-61.774564,12.002172
-79.258764,-6.94113
-74.235174,11.184947
-64.682211,10.176244
-70.054989,12.549353
-41.650287,-2.87293
-74.28807,10.994683
-74.28807,10.994683
-74.152434,11.295886
-38.904165,-3.512381
-40.505677,-9.40558
-35.234826,-5.828824
-36.712222,-6.811944
-70.056922,12.546928
-38.436809,-3.790395
-69.155639,12.390172
-50.863201,-20.45101
-41.44943,-2.909642
-40.485713,-9.390373
-73.934528,11.310214
-40.080544,-7.088736
-42.24059,-8.35855
-68.272856,12.144743
-41.378889,-11.429444
-57.672223,-19.201762
-75.590602,10.325565
-68.873542,12.080636
-68.873542,12.080636
-74.818213,11.010728
-44.009762,-16.005353
-75.559914,10.393243
-75.562307,10.398945
-72.677733,11.709417
-40.081049,-7.087203
-56.123239,-15.647728
-36.326749,-7.112765
-40.57119,-9.459815
-41.59216,-2.906042
-72.720733,6.554542
-35.72148,-5.097714
-68.27554,12.145471
-41.388225,-19.204786
-41.535833,-7.523056
-69.73463,11.605439
-40.694842,-3.226485
-38.628076,-6.583338
-68.277167,12.133197
-68.929913,12.102913
-74.184856,11.22056
-37.706639,-4.526686
-38.889668,-6.679533
-50.567941,-20.680828
-37.257931,-5.638067
-38.989259,-6.757101
-38.48471,-3.749475
-68.278563,12.134181
-74.844165,11.063828
-61.774522,12.002131
-38.398047,-3.831664
-74.878011,3.25308
-70.047955,12.562355
-38.889963,-6.679436
-71.249954,8.534784
-35.234869,-5.828772
-52.036593,-21.776279
-38.88674,-6.677705
-68.948256,12.108161
-38.49409,-3.722879
-51.443286,-22.115839
-36.731846,-6.905804
-54.607512,-16.470574
-41.815267,-11.364797
-38.055254,-12.638739
-38.519689,-3.720554
-75.561206,10.399247
-63.404783,-21.269742
-63.404778,-21.269737
-40.516526,-9.414236
-68.968619,12.122886
-41.466506,-19.171038
-69.882555,12.414479
-38.812619,-3.57684
-40.346618,-2.916476
-69.882775,12.418578
-70.040773,12.520893
-70.045144,12.574297
-70.013625,12.552122
-70.061097,12.54452
-69.882612,12.414211
-75.521795,10.447477
-70.045058,12.574158
-40.296677,-5.994907
-35.009172,-8.524061
-68.875109,12.074768
-69.136562,12.348743
-68.875103,12.074745
-37.332,-5.192839
-37.331794,-5.192261
-70.053894,12.558103
-39.055302,-3.412475
-74.84774,11.070634
-40.520197,-2.792974
-36.639547,-9.428991
-73.942222,11.31197
-68.287214,12.171098
-38.452166,-13.00327
-75.279538,10.711455
-70.059242,12.547053
-40.652606,-5.182776
-74.2163,11.054617
-74.2163,11.054617
-74.232581,11.189682
-68.270225,12.148572
-37.323385,-5.203962
-68.270086,12.144513
-73.335237,9.565338
-75.552513,10.421633
-73.124278,11.278567
-68.277233,12.150664
-68.877529,12.099438
-68.99002,12.16957
-74.230287,11.12905
-68.89228,12.130878
-68.929159,12.102753
-68.892298,12.130577
-68.236756,12.093375
-68.236725,12.093401
-68.892298,12.130577
-68.871645,12.078569
-68.236709,12.093396
-68.268345,12.156295
-68.236595,12.093202
-40.105288,-13.860512
-70.050964,12.565205
-75.046569,10.890587
-74.204886,11.031496
-68.968667,12.12292
-68.27647,12.147025
-69.952837,12.450047
-39.320374,-6.350639
-68.275003,12.144647
-37.333721,-4.888492
-74.850791,11.024302
-70.026536,12.50735
-70.173081,12.472238
-68.27597,12.153
-74.850769,11.024489
-74.848353,11.017809
-74.850845,11.02191
-74.851126,11.024242
-74.850731,11.0243
-70.050728,12.565362
-68.236672,12.093383
-38.205877,-6.140913
-38.205792,-6.141619
-74.85131,11.022867
-70.047867,12.562562
-68.262382,12.201875
-68.276564,12.212517
-68.874863,12.08353
-69.929196,12.442757
-69.955716,12.454131
-68.278025,12.212161
-68.9058,12.136
-70.016247,12.506816
-68.279727,12.134542
-68.27807,12.212265
-68.969,12.1231
-68.275712,12.181917
-68.256083,12.181782
-68.276564,12.212517
-68.278027,12.212249
-68.942162,12.105917
-74.851307,11.022927
-68.995289,12.186555
-70.048234,12.5617
-72.67796,11.708797
-74.851256,11.023004
-74.851287,11.022958
-74.806501,10.763477
-74.85131,11.023011
-74.851294,11.022915
-68.96833,12.12455
-37.314285,-5.876309
-74.850749,11.024391
-74.851299,11.022966
-74.851288,11.022967
-74.850711,11.024382
-68.308756,12.200897
-36.888203,-7.223767
-69.989678,12.635219
-70.043119,12.576883
-74.85213,11.022569
-41.316784,-21.761456
-68.236974,12.093355
-68.269967,12.138189
-69.929163,12.442733
-68.283395,12.091931
-68.260942,12.127294
-68.279634,12.134576
-68.275025,12.14465
-68.27987,12.076492
-68.267332,12.188627
-68.236755,12.092844
-68.279734,12.134476
-68.281826,12.170814
-68.311086,12.202788
-69.083644,12.253786
-35.036505,-6.311545
-73.806227,11.321213
-34.84195,-7.061536
-74.836678,11.014503
-74.160784,11.214677
-61.760288,12.024853
-37.330696,-5.240213
-70.047883,12.562572
-68.23664,12.093018
-37.323056,-5.206389
-72.142609,12.23463
-68.262382,12.20189
-37.321944,-5.205833
-68.276453,12.147044
-68.225958,12.060653
-37.323889,-5.204722
-34.840308,-7.064667
-37.32377,-5.204707
-37.323588,-5.204991
-68.934047,12.110522
-63.210361,-17.77735
-74.150764,11.296603
-73.9421,11.312333
-70.047883,12.562959
-70.05009,12.563915
-70.047839,12.562685
-68.277786,12.154129
-69.034457,12.227983
-68.968405,12.122367
-68.311562,12.206663
-70.043356,12.570335
-61.397633,-22.319275
-40.691661,-9.338358
-44.208417,-2.57475
-39.411583,-7.240222
-37.36035,-4.687667
-39.305402,-6.357492
-37.344253,-5.185727
-70.052597,12.562855
-74.850512,11.021489
-64.313386,-18.724189
-74.850804,11.024367
-60.713522,2.870271
-73.945861,11.314602
-70.047871,12.562981
-68.880565,12.079966
-54.708056,-20.471111
-34.84223,-7.059437
-37.699378,-4.526438
-61.39427,12.639133
-61.774503,12.001947
-74.095068,11.318811
-70.049652,12.563194
-74.82031,10.930542
-74.235263,11.184825
-42.759306,-5.098384
-74.207367,11.033595
-74.207813,11.033663
-74.207322,11.033575
-49.391187,-20.830637
-38.496071,-6.856132
-74.2163,11.054617
-74.2163,11.054617
-74.226517,11.148986
-37.32233,-5.205317
-39.304072,-6.376135
-68.900467,12.089717
-73.125999,11.281441
-44.798776,-16.207885
-70.056422,12.55131
-68.28937,12.17603
-47.326981,-13.372263
-41.852222,-13.665278
-47.846527,-21.158141
-74.095035,11.318851
-70.047858,12.562669
-40.970364,-9.16076
-42.823534,-2.75782
-70.049789,12.555808
-74.850531,11.0222
-74.850366,11.022472
-74.850748,11.024353
-37.323258,-5.206005
-74.850738,11.024192
-74.849785,11.02243
-37.324243,-5.204859
-74.272331,11.237618
-74.85037,11.022851
-71.58714,10.668756
-44.138439,-15.02138
-68.275667,12.146606
-74.850722,11.024375
-74.850729,11.024433
-74.850762,11.024403
-74.850711,11.024414
-74.849953,11.023762
-74.851447,11.025326
-74.850711,11.024461
-41.002685,-19.514699
-56.111986,-15.584423
-40.995528,-19.518398
-68.84883,12.063156
-38.473083,-6.681037
-74.236737,11.175201
-37.714449,-5.670483
-70.047724,12.562662
-38.591034,-10.772358
-39.305417,-6.362522
-74.850513,11.023444
-37.324059,-5.204708
-38.5742,-10.672107
-37.32677,-5.201733
-37.326213,-5.201728
-37.326613,-5.20199
-37.32739,-5.202093
-37.32421,-5.20457
-37.32414,-5.204495
-74.85073,11.024389
-60.639557,-21.991996
-60.161647,4.594967
-68.940862,12.107217
-37.32739,-5.202093
-37.323267,-5.204562
-37.3232,-5.202735
-37.714631,-5.66983
-36.601772,-10.572683
-39.375892,-7.427558
-37.714197,-5.670129
-37.33611,-5.195411
-36.772568,-6.971388
-42.652058,-13.001926
-37.335865,-5.196168
-75.046573,10.890509
-68.984704,12.176229
-68.944914,12.110884
-75.508981,10.457331
-42.65205,-13.001949
-41.948796,-13.726086
-41.607156,-13.309074
-43.121552,-11.290432
-39.995081,-12.043966
-41.877462,-11.266034
-38.524779,-3.724264
-38.592058,-6.576855
-68.363941,12.280865
-68.931113,12.103489
-74.6101,4.539246
-38.489314,-3.723589
-68.279647,12.134572
-60.338978,-22.3691
-73.942086,11.312298
-38.643096,-3.710307
-73.851602,7.125875
-73.976803,11.21764
-73.019507,6.939191
-37.328658,-5.202992
-37.317447,-5.202357
-37.337948,-5.217369
-37.339147,-5.201074
-70.057533,12.549283
-74.147557,11.236911
-70.045044,12.577192
-37.342389,-5.191911
-69.125769,12.267425
-37.323254,-5.208157
-37.323782,-5.20379
-42.22955,-14.504907
-41.024911,-21.694222
-68.308538,12.200636
-39.319389,-6.566243
-37.323813,-5.204708
-44.08364,-2.41
-44.08228,-2.41006
-37.694167,-10.424444
-81.703763,12.583305
-43.347846,-4.870832
-34.839661,-7.84034
-74.193061,11.262703
-37.392053,-7.025369
-38.561575,-3.730751
-68.916514,12.098933
-70.052115,12.60371
-37.658638,-9.668374
-68.916514,12.098933
-38.453548,-13.004657
-75.5514,10.393042
-74.206185,11.02344
-74.207616,11.024181
-37.658638,-9.668374
-74.225807,11.145496
-38.448013,-6.959246
-68.286356,12.168995
-34.838631,-7.840766
-68.279613,12.134515
-72.850446,11.603586
-68.304383,12.16816
-68.263705,12.123864
-68.264372,12.127514
-68.929567,12.102836
-68.303437,12.197503
-72.524208,7.953062
-74.230263,11.129125
-68.929505,12.102789
-68.249154,12.129888
-72.608378,7.853467
-68.303437,12.197503
-48.329212,-10.190356
-68.929505,12.102789
-68.303437,12.197503
-68.290488,12.177017
-41.84637,-18.595692
-73.953231,11.318517
-73.949027,11.318814
-44.312457,-2.499965
-74.072092,4.710989
-68.969731,12.120306
-74.942733,11.016467
-73.987228,11.328404
-74.942787,11.016353
-68.269242,12.144395
-75.552679,10.411122
-73.953004,11.31867
-39.865155,-9.880686
-75.139825,10.614528
-70.043105,12.577162
-70.050658,12.565121
-70.050974,12.565172
-61.394167,12.639167
-70.043105,12.577162
-35.915563,-7.212202
-70.050658,12.565121
-70.043105,12.577162
-70.03015,12.54137
-35.194228,-5.783072
-68.860981,12.111459
-38.339093,-9.974265
-73.211992,9.624172
-70.048404,12.561184
-38.454104,-3.739848
-74.226967,11.108114
-68.299599,12.19547
-61.772187,12.022553
-75.506802,10.457861
-73.052222,10.579167
-61.425352,12.605187
-35.006931,-8.535221
-73.236522,10.402072
-68.884338,12.100481
-68.916808,12.098083
-75.506871,10.45783
-38.463517,-3.747575
-64.157768,10.399835
-64.157768,10.399835
-37.059711,-10.969832
-68.892097,12.13062
-70.041572,12.572753
-73.966804,11.328395
-74.116983,11.247814
-39.11156,-6.284437
-69.891158,12.432431
-68.916086,12.1148
-40.520444,-2.792406
-68.879188,12.076956
-41.407975,-2.907127
-68.861953,12.06937
-73.088605,11.4309
-68.879188,12.076956
-68.28365,12.162894
-68.979538,12.132997
-68.879233,12.076933
-39.578092,-3.503593
-38.366928,-10.040383
-74.182133,11.272206
-74.223361,11.14997
-68.262382,12.202171
-75.50383,10.39728
-73.94207,11.312342
-74.182785,11.223059
-68.268613,12.14701
-80.182388,7.775721
-68.311028,12.202738
-74.951747,10.990319
-69.15205,12.350441
-44.35697,-15.453023
-67.028302,10.609945
-70.04301,12.577588
-73.108076,7.073329
-50.180775,-21.093629
-68.278155,12.155085
-75.55217,10.4215
-74.800164,11.026787
-75.545795,10.430398
-73.941937,11.312233
-69.963272,12.511278
-39.395514,-3.186958
-68.280187,12.134261
-69.151603,12.320155
-56.121964,-15.651163
-68.266442,12.144142
-70.050178,12.563933
-38.402972,-3.8365
-68.279638,12.13455
-38.450256,-3.744486
-70.012993,12.544272
-70.012993,12.544272
-43.406085,-15.961989
-70.012993,12.544272
-44.37347,-15.498541
-48.9575,-21.11
-44.0691,-15.849992
-40.516415,-2.791645
-40.516415,-2.791645
-40.516415,-2.791645
-74.921394,11.03981
-75.551423,10.408206
-73.953042,11.31863
-68.279123,12.133908
-37.762097,-9.625398
-38.241111,-3.501111
-38.388658,-3.847619
-54.14138,-17.200045
-37.32866,-5.202768
-69.15158,12.350497
-36.915698,-5.629646
-37.3606,-5.182374
-66.775546,10.613532
-37.361357,-5.182569
-67.005342,10.597476
-38.933072,-4.261816
-37.998897,-12.570925
-51.389197,-21.252953
-40.544415,-9.410274
-70.027802,12.510508
-72.659949,11.717511
-63.871009,11.146916
-48.939758,-20.043996
-37.099064,-6.935027
-41.752593,-21.657729
-35.194485,-5.77851
-51.2175,-21.577222
-51.2175,-21.577222
-46.714619,-13.490045
-70.043189,12.576892
-37.359496,-5.177985
-40.082203,-7.084812
-68.379183,12.261497
-68.868118,12.089383
-56.057908,-15.580039
-56.096358,-15.59727
-35.630433,-5.121475
-38.732451,-3.980447
-40.516472,-2.791962
-69.151505,12.351462
-51.360773,-20.388138
-38.564545,-3.770582
-40.516472,-2.791958
-37.725442,-4.50483
-50.829722,-20.567778
-50.518041,-20.942758
-36.963089,-5.53997
-40.516472,-2.791958
-36.221205,-5.099711
-70.01068,12.576132
-41.570178,-2.903417
-75.055689,10.933434
-61.245097,-24.737245
-56.091015,-15.597763
-37.87704,-12.382055
-68.272778,12.144167
-49.392316,-14.25243
-34.856005,-6.903395
-37.876993,-12.382049
-37.442896,-5.330374
-68.270725,12.137924
-38.494438,-3.724712
-74.583205,4.535467
-75.253944,2.939806
-43.675156,-16.314003
-73.095366,6.734041
-69.879067,12.41323
-38.88635,-6.677271
-39.299526,-6.367078
-68.929558,12.10282
-39.29723,-6.361731
-70.043724,12.577286
-80.232748,7.831281
-68.311281,12.203047
-38.963325,-6.673646
-68.278663,12.13422
-37.336039,-5.196086
-37.335639,-5.196381
-34.840581,-6.969452
-37.335719,-5.196455
-73.086259,11.432922
-37.084009,-8.565829
-41.903677,-18.837697
-74.103579,11.258795
-36.217396,-5.437703
-68.236659,12.092783
-34.868897,-7.127438
-70.061089,12.544539
-38.487634,-3.715757
-73.947113,11.314458
-37.510489,-7.386143
-70.048381,12.561717
-51.722705,-20.766766
-68.271263,12.161124
-68.998733,12.168721
-41.0375,-6.891389
-35.707633,-9.644949
-70.054304,12.561562
-39.308495,-6.359168
-36.410244,-7.093497
-68.906053,12.106072
-36.877226,-6.428214
-42.688446,-14.164858
-34.883727,-6.888324
-68.269989,12.144072
-35.741814,-9.669928
-68.905452,12.149543
-39.3066,-6.359992
-38.44207,-3.762775
-38.958933,-6.679651
-74.216932,11.235921
-73.571816,11.224811
-63.181869,-17.792592
-69.936957,12.44712
-34.998081,-8.469967
-68.901529,12.144033
-70.047983,12.562548
-72.481232,7.921157
-38.887765,-6.678239
-68.28899,12.120089
-75.065727,10.887475
-35.703546,-9.637923
-35.85873,-5.290552
-73.100109,11.267354
-48.355727,-10.198844
-70.050911,12.565217
-68.901047,12.08997
-36.361416,-7.426597
-51.35661,-22.146614
-48.271889,-18.83174
-63.844539,11.125488
-36.531368,-7.38134
-73.199779,10.386156
-73.199883,10.386416
-73.199963,10.386164
-73.200046,10.386152
-73.200034,10.386168
-73.19998,10.386351
-73.19996,10.386561
-73.200053,10.386526
-73.200048,10.386525
-70.045458,12.575709
-39.320265,-6.363034
-68.236735,12.093154
-73.101363,11.267738
-73.091698,11.428963
-41.430024,-11.651242
-73.253863,10.472677
-39.320531,-6.362729
-38.958986,-6.679833
-39.320903,-6.362145
-38.888086,-6.678527
-74.193314,11.262604
-39.308639,-6.352914
-68.880417,12.158639
-39.321756,-6.360726
-72.641285,6.328259
-56.09149,-15.66019
-40.522408,-9.32613
-68.83309,12.12945
-39.033315,-3.430177
-61.44068,12.507643
-74.324464,10.488586
-36.361369,-7.426717
-73.089926,11.430474
-42.828362,-2.752178
-48.123481,-21.064119
-38.460721,-6.043613
-74.104034,11.259113
-73.089526,11.429747
-44.626942,-10.150851
-64.316878,11.056757
-69.077897,12.198662
-56.088056,-15.581667
-54.623783,-20.471917
-69.077897,12.198662
-68.311413,12.203283
-37.811988,-6.873655
-41.405285,-2.907341
-68.874981,12.078882
-34.865584,-6.941467
-73.088644,11.430836
-73.088913,11.431067
-38.853873,-6.66946
-41.133069,-12.886867
-41.509186,-16.506461
-43.001569,-6.783313
-37.788707,-9.653482
-35.219183,-5.86102
-50.871293,-20.700762
-63.114705,-18.464665
-41.92682,-22.791204
-36.139662,-7.488619
-73.94062,10.157801
-73.94454,10.150466
-73.941,10.157163
-73.94015,10.157478
-73.941,10.157163
-73.94017,10.156567
-73.359,10.25959
-73.36036,10.261055
-73.36036,10.261055
-73.36036,10.261055
-73.36036,10.261055
-73.36036,10.261055
-73.36036,10.261055
-72.74774,11.070241
-70.049797,12.563987
-69.151228,12.350981
-41.561722,-18.76618
-68.236484,12.092826
-35.278686,-5.721109
-63.931533,11.124411
-74.895258,11.02443
-69.066971,12.349414
-68.881447,12.079761
-42.866708,-15.149051
-35.179903,-5.870731
-49.989138,-20.439911
-68.278105,12.154947
-40.420921,-2.813823
-40.420943,-2.814516
-40.846199,-4.885062
-47.856354,-5.167551
-41.964538,-18.828537
-43.564075,-4.818033
-74.17671,10.50189
-74.15913,10.442495
-74.09128,10.31355
-73.16883,10.416734
-73.24698,10.340661
-73.16946,10.416856
-73.16946,10.416856
-73.16883,10.416734
-73.16883,10.416734
-73.16883,10.416734
-73.41169,10.229854
-73.41169,10.229854
-73.16883,10.416734
-73.16883,10.416734
-73.34369,10.32926
-73.34369,10.32926
-73.34125,10.329174
-73.211,10.363833
-73.05128,10.628571
-73.16883,10.416734
-73.34369,10.32926
-73.21288,10.365004
-73.21158,10.363659
-73.21158,10.363659
-73.05168,10.625824
-73.16946,10.416856
-73.34241,10.329869
-73.21158,10.363659
-73.05168,10.625824
-73.16747,10.418085
-73.16883,10.416734
-73.21158,10.363659
-73.21158,10.363659
-73.211,10.363833
-72.66474,11.134718
-72.66715,11.137563
-64.619167,-11.256667
-73.300847,9.567906
-73.300847,9.567906
-73.3008,9.552356
-73.3008,9.552356
-73.3008,9.552356
-73.3008,9.552356
-73.267942,9.566817
-73.267942,9.566817
-73.251819,9.601597
-73.251819,9.601597
-73.26935,9.551692
-73.26935,9.551692
-73.267942,9.566817
-73.267942,9.566817
-73.3008,9.552356
-73.3008,9.552356
-73.3008,9.552356
-73.3008,9.552356
-73.251819,9.601597
-73.251819,9.601597
-73.26935,9.551692
-73.26935,9.551692
-64.619167,-11.256667
-38.150249,-7.704983
-41.387525,-2.910663
-35.450881,-7.862728
-37.510489,-7.386099
-37.510489,-7.386099
-38.956944,-4.249722
-68.929994,12.102939
-68.873288,12.080444
-68.635779,11.998169
-70.046134,12.559936
-69.09392,12.23531
-68.635779,11.989382
-68.635779,11.989382
-70.037151,12.559936
-68.635779,11.998169
-68.959173,12.121157
-50.97822,-21.140094
-72.476903,7.791987
-38.425968,-6.868102
-70.050925,12.565222
-39.628075,-5.751161
-70.050925,12.565222
-68.873984,12.077239
-75.551728,10.409614
-68.276273,12.146024
-68.87757,12.093124
-38.5725,-3.745833
-68.843109,12.127351
-37.102861,-7.920472
-73.091598,11.428921
-68.275895,12.147683
-70.060097,12.548788
-74.165174,11.209245
-37.991136,-7.728703
-72.142371,12.237731
-70.050385,12.564333
-73.090979,11.429148
-68.348318,12.244089
-68.348318,12.244089
-69.152009,12.35039
-37.510489,-7.386099
-59.319714,-15.232794
-47.587517,-0.589467
-47.587517,-0.589467
-39.690833,-2.998333
-39.690833,-2.998333
-37.276111,-8.051667
-74.850421,11.019479
-68.882413,12.103939
-68.266807,12.145109
-76.441422,3.675852
-49.328168,-20.528105
-40.517007,-11.191415
-81.68808,12.581704
-75.502761,10.465428
-41.5313,-11.557987
-72.613144,11.090078
-75.590958,10.326263
-72.520483,11.354774
-38.514058,-3.737994
-37.295556,-9.915278
-70.020682,12.547121
-69.887122,12.42043
-74.842006,11.060506
-74.849444,11.046517
-74.84998,11.024504
-74.849133,11.022346
-74.875383,11.041408
-74.875383,11.041408
-74.845024,11.059172
-68.888313,12.105242
-74.849162,11.022292
-74.769432,4.281984
-74.850358,11.023205
-68.270833,12.1475
-68.922805,12.100856
-80.521619,8.002709
-80.21778,7.814878
-39.306692,-6.359213
-46.601632,-12.932555
-34.839656,-7.841054
-51.011667,-20.175556
-34.839127,-7.841323
-36.824369,-7.210182
-74.786378,4.238896
-49.203306,-18.434839
-54.628414,-20.452151
-47.907682,-19.751171
-68.866704,12.092849
-56.128213,-15.620869
-34.84283,-7.051207
-50.103169,-15.889678
-44.184448,-13.418209
-68.959173,12.121157
-68.959173,12.121157
-74.235313,11.185403
-73.298769,9.577592
-61.779076,12.010667
-41.527279,-2.91219
-68.273747,12.144702
-59.741013,-19.781937
-56.124542,-15.615192
-35.637139,-5.121098
-37.281252,-7.038631
-34.889831,-8.074907
-43.084579,-15.720985
-36.985215,-8.100821
-43.566912,-4.81355
-73.264617,10.49392
-68.280548,12.158738
-40.691145,-16.189861
-43.56,-15.66
-43.56,-15.66
-43.56,-15.66
-56.036025,-15.60926
-74.757578,11.059423
-74.757599,11.059476
-73.006027,6.809153
-76.110746,4.49752
-71.976218,12.230724
-75.253923,2.939714
-56.142425,-15.656721
-75.253923,2.939714
-76.110746,4.49752
-73.274317,9.567567
-73.3048,9.564133
-73.3048,9.564133
-73.2675,9.607183
-73.2675,9.607183
-73.2675,9.607183
-73.2675,9.607183
-73.2675,9.607183
-73.2675,9.607183
-73.260917,9.609583
-73.260917,9.609583
-73.282767,9.56015
-73.282767,9.56015
-74.216233,11.05335
-74.216233,11.05335
-74.2163,11.054617
-74.216433,11.055233
-74.2163,11.054617
-74.216433,11.055233
-39.282952,-6.371201
-73.001228,6.794486
-74.8518,11.093681
-34.842419,-7.060172
-73.3048,9.564133
-73.3048,9.564133
-73.2675,9.607183
-73.2675,9.607183
-73.2675,9.607183
-73.2675,9.607183
-73.2675,9.607183
-73.2675,9.607183
-73.274317,9.567567
-73.260917,9.609583
-73.282767,9.56015
-73.260917,9.609583
-73.282767,9.56015
-39.636119,-11.601404
-36.104721,-7.265555
-73.943245,11.312917
-44.322432,-2.501831
-36.104722,-7.265556
-73.943245,11.312917
-68.275773,12.143472
-35.177925,-5.875799
-35.177925,-5.875799
-68.929987,12.102945
-36.960214,-4.9466
-69.963745,12.492103
-74.188247,11.265508
-74.94223,11.018039
-72.922397,5.724185
-74.848603,11.022924
-72.838485,10.886445
-72.838474,10.886426
-74.848335,11.0775
-39.330902,-3.196155
-68.968896,12.12388
-73.087593,10.52996
-72.82119,10.88921
-72.810136,10.90197
-72.822768,10.88738
-72.82104,10.88925
-72.810982,10.90134
-72.807148,10.90575
-72.811405,10.90026
-72.806929,10.90602
-72.801009,10.91412
-72.613216,11.17648
-72.610847,11.17913
-72.609457,11.17967
-72.610859,11.17913
-72.610205,11.17928
-72.610614,11.17928
-80.221656,7.821237
-70.050905,12.565207
-70.050932,12.565218
-74.924657,10.636583
-75.808536,2.544687
-75.808534,2.544681
-74.874055,11.016243
-71.962799,12.243989
-73.2675,9.607183
-73.2675,9.607183
-73.2675,9.607183
-73.2675,9.607183
-73.2675,9.607183
-73.2675,9.607183
-73.274317,9.567567
-73.274317,9.567567
-73.260917,9.609583
-73.260917,9.609583
-73.3048,9.564133
-73.3048,9.564133
-73.3048,9.564133
-73.3048,9.564133
-73.3048,9.564133
-73.2675,9.607183
-73.2675,9.607183
-73.2675,9.607183
-73.2675,9.607183
-73.274317,9.567567
-73.274317,9.567567
-73.260917,9.609583
-73.260917,9.609583
-73.260917,9.609583
-73.260917,9.609583
-73.2675,9.607183
-73.2675,9.607183
-70.048234,12.5617
-73.310995,11.271482
-74.04267,4.67774
-74.188701,11.220654
-74.188701,11.220654
-74.059069,7.977825
-42.689207,-10.823297
-74.184131,11.223125
-41.850638,-11.302727
-42.785881,-5.088724
-35.174961,-5.879373
-44.600875,-20.000597
-45.000713,-12.132026
-73.260917,9.609583
-73.260917,9.609583
-73.3048,9.564133
-73.3048,9.564133
-73.274317,9.567567
-73.274317,9.567567
-73.2912,9.587117
-73.2912,9.587117
-73.2675,9.607183
-73.2675,9.607183
-73.2675,9.607183
-73.2675,9.607183
-73.2675,9.607183
-73.2675,9.607183
-73.260917,9.609583
-73.260917,9.609583
-73.2675,9.607183
-73.2675,9.607183
-73.2675,9.607183
-73.2675,9.607183
-73.2675,9.607183
-73.2675,9.607183
-73.274317,9.567567
-73.274317,9.567567
-73.3048,9.564133
-73.3048,9.564133
-73.3048,9.564133
-73.3048,9.564133
-67.042369,10.600741
-37.401669,-6.987778
-68.881941,12.144568
-39.298356,-6.366758
-36.344436,-10.167439
-39.332653,-3.198592
-72.744749,11.00906
-70.048094,12.562126
-74.850333,11.024732
-41.730217,-2.910417
-74.095,11.318788
-39.298356,-6.366758
-39.298356,-6.366758
-41.40573,-2.907237
-75.545769,10.43033
-74.671057,4.382243
-47.164192,-14.360336
-50.47459,-16.186854
-66.908519,10.603445
-34.932377,-8.220239
-66.908519,10.603445
-50.476389,-16.185
-50.476389,-16.185
-70.053414,12.557779
-70.043641,12.57752
-74.229485,11.130257
-68.96475,12.123483
-61.414906,12.599221
-72.497778,7.899722
-39.17047,-8.053299
-70.05099,12.602557
-70.048306,12.561662
-73.086586,11.433331
-68.298769,12.184437
-51.370833,-22.074167
-39.678839,-7.092973
-70.05111,12.564595
-72.553688,11.16941
-72.554971,11.170094
-72.697943,11.164316
-72.697943,11.164316
-41.238349,-19.313506
-38.38888,-3.847112
-70.050644,12.565367
-61.395947,12.635708
-34.919557,-8.088024
-74.226913,11.140445
-68.984934,12.136042
-35.111111,-6.026389
-38.02,-12.586111
-39.31087,-8.519908
-37.442472,-4.660861
-68.276518,12.147732
-37.4425,-4.660833
-40.514999,-2.790833
-40.514999,-2.790833
-35.728392,-8.473817
-40.424222,-9.357166
-40.424167,-9.357222
-38.626111,-3.867413
-40.834668,-9.66435
-74.921975,11.040228
-68.879167,12.076908
-40.482076,-9.419087
-74.921975,11.040228
-60.759385,2.816867
-70.041772,12.52362
-74.921975,11.040228
-41.982651,-22.844714
-37.255,-6.580278
-70.036827,12.580256
-37.255,-6.580278
-39.993056,-4.058889
-40.850403,-2.900425
-39.593611,-4.033333
-81.6988,12.587003
-34.840278,-7.842778
-40.507965,-9.507003
-39.260593,-6.394073
-39.260593,-6.394073
-72.538556,11.162807
-59.773922,-19.785692
-38.679303,-3.67127
-68.88523,12.154242
-69.381004,10.086234
-59.773922,-19.785692
-68.88523,12.154242
-68.88523,12.154242
-42.12,-2.7
-39.556111,-10.208333
-35.196944,-5.846111
-60.224304,4.417614
-35.196944,-5.846111
-41.718889,-18.909167
-41.718889,-18.909167
-41.718889,-18.909167
-43.844722,-17.166111
-36.032757,-8.005276
-37.462186,-4.653454
-63.45807,-21.260005
-73.159382,10.42587
-43.3992,-22.667419
-39.556111,-10.208333
-39.556111,-10.208333
-40.821694,-5.236806
-74.189087,11.270282
-38.768167,-3.60113
-40.821667,-5.236944
-60.742313,-17.847972
-44.3418,-2.531806
-36.620002,-6.839998
-63.265833,-18.281389
-68.235934,12.091444
-68.968287,12.121125
-70.051556,12.556974
-68.917722,12.156142
-56.122314,-15.654063
-70.03643,12.516795
-70.03643,12.516795
-41.776944,-11.3525
-41.776944,-11.3525
-43.74,-12.419722
-41.776944,-11.375
-43.121925,-8.283632
-43.74,-12.419722
-47.440444,-14.14675
-73.267257,9.576767
-38.51115,-3.714353
-38.51115,-3.714353
-38.511155,-3.714345
-35.696037,-5.106727
-39.02576,-3.405329
-74.095283,11.318703
-38.523808,-3.724272
-41.056776,-19.491038
-38.523808,-3.724272
-38.991389,-4.932222
-43.56,-12.6
-74.186862,11.225837
-74.21594,11.241874
-40.487538,-9.39554
-44.367725,-15.446197
-38.81459,-3.549748
-36.3512,-5.113827
-39.055909,-4.979501
-43.121674,-8.283639
-43.121674,-8.283639
-49.960578,-14.534704
-71.525032,10.761865
-68.881505,12.10228
-68.96732,12.12137
-40.504451,-2.792388
-40.514227,-2.795622
-38.399807,-3.848056
-68.263849,12.150745
-72.755028,10.967639
-44.285839,-2.488458
-44.349361,-2.533111
-68.03412,12.12367
-41.031111,-21.74
-56.940762,5.924643
-74.218686,11.236098
-37.183333,-4.923333
-37.183333,-4.923333
-72.739013,11.015581
-72.739013,11.015581
-38.989333,-4.184556
-37.048333,-10.954444
-72.637639,6.189417
-44.084567,-2.418184
-38.989444,-4.184444
-47.290336,-14.089744
-44.084567,-2.418184
-75.156606,3.266482
-41.011533,-12.452044
-56.087017,-19.588499
-56.087017,-19.588499
-38.105625,-10.118519
-68.265546,12.144349
-68.265546,12.144349
-68.254562,12.106758
-63.961962,10.943512
-41.8721,-21.234617
-41.8721,-21.234617
-63.961962,10.943512
-63.961962,10.943512
-40.548282,-9.32501
-73.291058,9.587095
-57.045278,-19.877778
-41.834722,-21.585833
-57.045278,-19.877778
-38.408972,-4.416167
-74.22394,11.205393
-74.22394,11.205393
-38.243333,-4.245833
-73.296946,9.583429
-72.670583,11.051528
-44.183417,-2.46375
-69.923145,12.158856
-57.885833,-19.152222
-39.1405,-8.005944
-63.804149,10.984956
-35.174232,-5.877991
-68.317623,12.207992
-73.290662,9.587267
-72.646639,6.329778
-41.620833,-10.276111
-38.552556,-3.785839
-75.16575,10.746417
-75.16575,10.746417
-75.16575,10.746417
-38.330833,-3.470833
-44.053833,-2.473056
-34.881434,-7.118583
-62.8975,-18.173611
-75.202722,10.477794
-74.721611,4.558361
-74.721611,4.558361
-74.721611,4.558361
-68.948797,12.143979
-41.409131,-2.908322
-41.409125,-2.908364
-35.663056,-7.19
-35.663056,-7.19
-74.831389,4.691944
-75.136605,8.668138
-39.418889,-7.974444
-44.336722,-2.530833
-40.679975,-6.300014
-44.097556,-2.410306
-40.404722,-6.18
-36.135,-7.481667
-40.183333,-10.25
-38.506216,-7.55702
-75.472818,10.372659
-39.435389,-7.217306
-64.15,8.95
-41.150441,-12.780883
-46.9375,-13.6875
-40.055602,-9.247638
-41.347732,-9.763427
-40.059444,-9.235722
-36.823333,-7.888889
-35.82,-5.22
-37.611528,-10.342047
-35.82,-5.22
-74.805889,4.606667
-37.059994,-9.902611
-40.479833,-9.413888
-40.479722,-9.413889
-48.509167,-0.666667
-48.509167,-0.666667
-38.984977,-8.063038
-38.985,-8.063056
-38.428438,-3.80695
-38.111389,-4.154167
-38.111389,-4.154167
-44.192026,-15.607859
-36.823333,-7.888889
-74.886556,4.31175
-37.893889,-9.312222
-39.467277,-8.470722
-39.467222,-8.470833
-38.566478,-3.705361
-37.226833,-8.529444
-36.603889,-6.424444
-37.226944,-8.529444
-36.603889,-6.424444
-73.954229,11.323008
-52.292917,-22.569278
-52.173333,-22.340833
-38.747361,-7.502666
-38.747222,-7.502778
-42.033056,-21.411667
-41.089465,-13.942829
-39.769166,-7.990416
-39.907888,-7.962361
-39.907778,-7.962222
-39.769167,-7.990556
-38.308889,-6.999722
-63.731944,-18.923056
-38.609555,-7.111416
-38.609444,-7.111389
-63.731944,-18.923056
-63.389658,-18.900054
-51.645278,-18.834444
-51.645278,-18.834444
-41.048333,-22.041389
-73.020306,6.718694
-37.67,-9.659167
-74.186897,11.298143
-37.279527,-8.039138
-37.279444,-8.039167
-64.137778,10.614722
-68.8673,12.0795
-68.8361,12.1396
-68.8593,12.0692
-68.933,12.1045
-61.380497,12.533566
-75.261389,10.797778
-37.684167,-9.805278
-37.684167,-9.805278
-37.684167,-9.805278
-37.684167,-9.805278
-69.93,12.49
-53.169167,-22.713056
-39,-9.146667
-40.210672,-9.328427
-40.210556,-9.328333
-38.542222,-3.717222
-38.891889,-7.620889
-38.543056,-3.717222
-70.045,12.57722
-70.04503,12.57722
-38.543056,-3.717222
-38.543055,-3.717222
-38.515448,-3.720259
-40.556111,-9.438166
-40.556111,-9.438056
-68.990342,12.14016
-34.976944,-6.502222
-74.2221,11.16603
-37.789167,-9.66
-37.789167,-9.66
-40.574369,-9.462436
-40.574444,-9.4625
-38.272888,-8.688777
-68.905241,12.121582
-38.272778,-8.688889
-68.963156,12.134977
-44.211389,-13.053333
-67.6183,9.5303
-68.87666,12.133021
-41.291111,-21.761944
