sp,LONG,LAT
C_pro,-59.75386,-19.30555
C_pro,-59.63278,-22.46639
C_pro,-59.68306,-22.06333
C_pro,-60.10833,-22.44194
C_pro,-61.04611,-22.43139
C_pro,-60.02639,-22.30111
C_pro,-59.77667,-19.7875
C_pro,-61.40594444,-21.43622222
C_pro,-61.46119444,-21.39658333
C_pro,-61.38877778,-21.44930556
C_pro,-61.31272222,-21.50488889
C_pro,-61.62918889,-21.25817222
C_pro,-61.49152778,-21.37414167
C_pro,-60.54077778,-20.78351944
C_pro,-56.94694444,-22.52316667
C_pro,-60.09822222,-22.57341667
C_pro,-60.09661111,-22.57569444
C_pro,-60.09672222,-22.57558333
C_pro,-60.09663889,-22.57555556
C_pro,-60.09661111,-22.57580556
C_pro,-60.6240885,-22.005074
C_pro,-57.7172753,-22.131914
C_pro,-61.69305556,-21.95111111
C_pro,-61.62277778,-21.89305556
C_pro,-61.65355556,-21.84527778
C_pro,-61.54794444,-20.07230556
C_pro,-61.88294444,-20.06488889
C_pro,-58.9560000,-19.98411111
C_pro,-59.56963889,-19.98413889
C_pro,-60.0075000,-19.98288889
C_pro,-59.73402778,-19.98361111
C_pro,-60.64472222,-19.63416667
C_pro,-60.83444444,-19.66222222
C_pro,-60.94555556,-21.77083333
C_pro,-61.09444444,-21.66166667
C_pro,-61.66361111,-21.20361111
C_pro,-61.4225000,-21.41055556
C_pro,-61.83888889,-21.30888889
C_pro,-61.65194444,-21.50505556
C_pro,-62.02966667,-21.61313889
C_pro,-60.99361111,-21.23583333
C_pro,-60.67194444,-21.10194444
C_pro,-60.43333333,-21.13861111
C_pro,-60.77916667,-23.81277778
C_pro,-61.07352778,-23.07472222
C_pro,-59.71597222,-20.7175000
C_pro,-61.33611111,-22.61277778
C_pro,-61.24138889,-22.03111111
C_pro,-61.88388889,-21.43444444
C_pro,-61.87888889,-21.660000
C_pro,-60.75805556,-23.48361111
C_pro,-60.16111111,-23.67297222
C_pro,-58.17988889,-23.51047222
C_pro,-58.28686111,-22.60944444
C_pro,-58.82611111,-22.882500
